{"Version":1,"ManifestType":"Publish","Endpoints":[{"Route":"css/admin.4q2y4ra0tu.css","AssetFile":"css/admin.css","Selectors":[],"ResponseHeaders":[{"Name":"Cache-Control","Value":"max-age=31536000, immutable"},{"Name":"Content-Length","Value":"7753"},{"Name":"Content-Type","Value":"text/css"},{"Name":"ETag","Value":"\"tE2GhBS30/yDYmjpmrOgpzLMHIJWs2chPef9dBmXj7Y=\""},{"Name":"Last-Modified","Value":"Sun, 11 Jan 2026 21:21:16 GMT"}],"EndpointProperties":[{"Name":"fingerprint","Value":"4q2y4ra0tu"},{"Name":"integrity","Value":"sha256-tE2GhBS30/yDYmjpmrOgpzLMHIJWs2chPef9dBmXj7Y="},{"Name":"label","Value":"css/admin.css"}]},{"Route":"css/admin.css","AssetFile":"css/admin.css","Selectors":[],"ResponseHeaders":[{"Name":"Cache-Control","Value":"no-cache"},{"Name":"Content-Length","Value":"7753"},{"Name":"Content-Type","Value":"text/css"},{"Name":"ETag","Value":"\"tE2GhBS30/yDYmjpmrOgpzLMHIJWs2chPef9dBmXj7Y=\""},{"Name":"Last-Modified","Value":"Sun, 11 Jan 2026 21:21:16 GMT"}],"EndpointProperties":[{"Name":"integrity","Value":"sha256-tE2GhBS30/yDYmjpmrOgpzLMHIJWs2chPef9dBmXj7Y="}]},{"Route":"css/circular-progress.a3ylom8pw8.css","AssetFile":"css/circular-progress.css","Selectors":[],"ResponseHeaders":[{"Name":"Cache-Control","Value":"max-age=31536000, immutable"},{"Name":"Content-Length","Value":"1358"},{"Name":"Content-Type","Value":"text/css"},{"Name":"ETag","Value":"\"KnCiErvh7ADO99x1LtSP5jeYbxYFgGW8d/HcWaDYCuc=\""},{"Name":"Last-Modified","Value":"Mon, 12 Jan 2026 03:57:41 GMT"}],"EndpointProperties":[{"Name":"fingerprint","Value":"a3ylom8pw8"},{"Name":"integrity","Value":"sha256-KnCiErvh7ADO99x1LtSP5jeYbxYFgGW8d/HcWaDYCuc="},{"Name":"label","Value":"css/circular-progress.css"}]},{"Route":"css/circular-progress.css","AssetFile":"css/circular-progress.css","Selectors":[],"ResponseHeaders":[{"Name":"Cache-Control","Value":"no-cache"},{"Name":"Content-Length","Value":"1358"},{"Name":"Content-Type","Value":"text/css"},{"Name":"ETag","Value":"\"KnCiErvh7ADO99x1LtSP5jeYbxYFgGW8d/HcWaDYCuc=\""},{"Name":"Last-Modified","Value":"Mon, 12 Jan 2026 03:57:41 GMT"}],"EndpointProperties":[{"Name":"integrity","Value":"sha256-KnCiErvh7ADO99x1LtSP5jeYbxYFgGW8d/HcWaDYCuc="}]},{"Route":"css/site.40wxq7zgwr.css","AssetFile":"css/site.css","Selectors":[],"ResponseHeaders":[{"Name":"Cache-Control","Value":"max-age=31536000, immutable"},{"Name":"Content-Length","Value":"14989"},{"Name":"Content-Type","Value":"text/css"},{"Name":"ETag","Value":"\"RCaM8CnfZ0VFsLp+4pfaFNXe2MZX49boLKDClPXrDW8=\""},{"Name":"Last-Modified","Value":"Mon, 12 Jan 2026 04:38:45 GMT"}],"EndpointProperties":[{"Name":"fingerprint","Value":"40wxq7zgwr"},{"Name":"integrity","Value":"sha256-RCaM8CnfZ0VFsLp+4pfaFNXe2MZX49boLKDClPXrDW8="},{"Name":"label","Value":"css/site.css"}]},{"Route":"css/site.css","AssetFile":"css/site.css","Selectors":[],"ResponseHeaders":[{"Name":"Cache-Control","Value":"no-cache"},{"Name":"Content-Length","Value":"14989"},{"Name":"Content-Type","Value":"text/css"},{"Name":"ETag","Value":"\"RCaM8CnfZ0VFsLp+4pfaFNXe2MZX49boLKDClPXrDW8=\""},{"Name":"Last-Modified","Value":"Mon, 12 Jan 2026 04:38:45 GMT"}],"EndpointProperties":[{"Name":"integrity","Value":"sha256-RCaM8CnfZ0VFsLp+4pfaFNXe2MZX49boLKDClPXrDW8="}]},{"Route":"favicon.ico","AssetFile":"favicon.ico","Selectors":[],"ResponseHeaders":[{"Name":"Cache-Control","Value":"max-age=3600, must-revalidate"},{"Name":"Content-Length","Value":"15406"},{"Name":"Content-Type","Value":"image/x-icon"},{"Name":"ETag","Value":"\"koOtzJSaDTxnbUHYEtpsH/E6WfNxCJFWoGl2EeOelXw=\""},{"Name":"Last-Modified","Value":"Fri, 16 Jan 2026 22:10:43 GMT"}],"EndpointProperties":[{"Name":"integrity","Value":"sha256-koOtzJSaDTxnbUHYEtpsH/E6WfNxCJFWoGl2EeOelXw="}]},{"Route":"favicon.mjd0z7sg4p.ico","AssetFile":"favicon.ico","Selectors":[],"ResponseHeaders":[{"Name":"Cache-Control","Value":"max-age=31536000, immutable"},{"Name":"Content-Length","Value":"15406"},{"Name":"Content-Type","Value":"image/x-icon"},{"Name":"ETag","Value":"\"koOtzJSaDTxnbUHYEtpsH/E6WfNxCJFWoGl2EeOelXw=\""},{"Name":"Last-Modified","Value":"Fri, 16 Jan 2026 22:10:43 GMT"}],"EndpointProperties":[{"Name":"fingerprint","Value":"mjd0z7sg4p"},{"Name":"integrity","Value":"sha256-koOtzJSaDTxnbUHYEtpsH/E6WfNxCJFWoGl2EeOelXw="},{"Name":"label","Value":"favicon.ico"}]},{"Route":"uploads/d7790f36-d54f-4333-acac-ed7e1f978b56.dgst0widur.jpg","AssetFile":"uploads/d7790f36-d54f-4333-acac-ed7e1f978b56.jpg","Selectors":[],"ResponseHeaders":[{"Name":"Cache-Control","Value":"max-age=31536000, immutable"},{"Name":"Content-Length","Value":"65244"},{"Name":"Content-Type","Value":"image/jpeg"},{"Name":"ETag","Value":"\"TRVsbr6k2Oh948LO+1Z71eMcvA1wot6Yo6/ckhFuPh0=\""},{"Name":"Last-Modified","Value":"Wed, 21 Jan 2026 00:07:39 GMT"}],"EndpointProperties":[{"Name":"fingerprint","Value":"dgst0widur"},{"Name":"integrity","Value":"sha256-TRVsbr6k2Oh948LO+1Z71eMcvA1wot6Yo6/ckhFuPh0="},{"Name":"label","Value":"uploads/d7790f36-d54f-4333-acac-ed7e1f978b56.jpg"}]},{"Route":"uploads/d7790f36-d54f-4333-acac-ed7e1f978b56.jpg","AssetFile":"uploads/d7790f36-d54f-4333-acac-ed7e1f978b56.jpg","Selectors":[],"ResponseHeaders":[{"Name":"Cache-Control","Value":"max-age=3600, must-revalidate"},{"Name":"Content-Length","Value":"65244"},{"Name":"Content-Type","Value":"image/jpeg"},{"Name":"ETag","Value":"\"TRVsbr6k2Oh948LO+1Z71eMcvA1wot6Yo6/ckhFuPh0=\""},{"Name":"Last-Modified","Value":"Wed, 21 Jan 2026 00:07:39 GMT"}],"EndpointProperties":[{"Name":"integrity","Value":"sha256-TRVsbr6k2Oh948LO+1Z71eMcvA1wot6Yo6/ckhFuPh0="}]}]}